Abbreviation,Country Name,Region
"AFG","Afghanistan","Asia"
"AGO","Angola","Africa"
"ARG","Argentina","S America"
"AUS","Australia","Oceania"
"BEL","Belgium","Europe"
"BEN","Benin","Africa"
"BFA","Burkina Faso","Africa"
"BGD","Bangladesh","Asia"
"BOL","Bolivia","S America"
"BRA","Brazil","S America"
"CAN","Canada","N America"
"CHL","Chile","S America"
"CHN","China","Asia"
"CIV","Cote d'Ivoire","Africa"
"CMR","Cameroon","Africa"
"COL","Colombia","S America"
"CUB","Cuba","N America"
"CZE","Czech Republic","Europe"
"DEU","Germany","Europe"
"DOM","Dominican Republic","N America"
"DZA","Algeria","Africa"
"ECU","Ecuador","S America"
"EGY","Egypt, Arab Rep.","Africa"
"ESP","Spain","Europe"
"ETH","Ethiopia","Africa"
"FRA","France","Europe"
"GBR","United Kingdom","Europe"
"GHA","Ghana","Africa"
"GIN","Guinea","Africa"
"GRC","Greece","Europe"
"GTM","Guatemala","N America"
"HTI","Haiti","N America"
"IDN","Indonesia","Asia"
"IND","India","Asia"
"IRN","Iran, Islamic Rep.","Asia"
"IRQ","Iraq","Asia"
"ITA","Italy","Europe"
"JPN","Japan","Asia"
"KAZ","Kazakhstan","Asia"
"KEN","Kenya","Africa"
"KHM","Cambodia","Asia"
"KOR","Korea, Rep.","Asia"
"LKA","Sri Lanka","Asia"
"MAR","Morocco","Africa"
"MDG","Madagascar","Africa"
"MEX","Mexico","N America"
"MLI","Mali","Africa"
"MMR","Myanmar","Asia"
"MOZ","Mozambique","Africa"
"MWI","Malawi","Africa"
"MYS","Malaysia","Asia"
"NAC","North America",
"NER","Niger","Africa"
"NGA","Nigeria","Africa"
"NLD","Netherlands","Europe"
"NPL","Nepal","Asia"
"PAK","Pakistan","Asia"
"PER","Peru","S America"
"PHL","Philippines","Asia"
"POL","Poland","Europe"
"PRK","Korea, Dem. Rep.","Asia"
"PRT","Portugal","Europe"
"ROU","Romania","Europe"
"RUS","Russian Federation","Europe"
"RWA","Rwanda","Africa"
"SAU","Saudi Arabia","Asia"
"SDN","Sudan","Africa"
"SEN","Senegal","Africa"
"SOM","Somalia","Africa"
"SSD","South Sudan","Africa"
"SYR","Syrian Arab Republic","Asia"
"TCD","Chad","Africa"
"THA","Thailand","Asia"
"TUN","Tunisia","Asia"
"TUR","Turkey","Asia"
"TZA","Tanzania","Africa"
"UGA","Uganda","Africa"
"UKR","Ukraine","Europe"
"USA","United States","N America"
"UZB","Uzbekistan","Asia"
"VEN","Venezuela, RB","S America"
"VNM","Vietnam","Asia"
"YEM","Yemen, Rep.","Asia"
"ZAF","South Africa","Africa"
"COD","Congo, Dem. Rep.",
"ZMB","Zambia","Africa"
"ZWE","Zimbabwe","Africa"
